{
  "1": {
    "position": 1,
    "mlp": {
      "final_val_rmse": 2.8584279392542657,
      "final_val_mae": 2.132812818674974,
      "best_val_loss": 8.101146697998047,
      "epochs_trained": 86,
      "train_losses": [
        22.21649831655074,
        21.53126548965744,
        20.411467497823608,
        19.560544691146216,
        19.43630390046433,
        18.489045213595986,
        17.84800282772958,
        17.55476811467385,
        17.308500628166012,
        16.745381066029044,
        16.12957468240887,
        15.823905150878605,
        15.141058469473016,
        14.967117757884488,
        14.617310938073413,
        14.44986509286879,
        14.080323919286869,
        13.543355177356524,
        13.050774718572521,
        12.892260556821668,
        12.831775133077903,
        12.273164162578757,
        12.121393865468551,
        11.981778036113527,
        11.854811534170196,
        11.482568166358298,
        11.242307242165982,
        11.065471606888794,
        10.860019685851277,
        11.076319354256638,
        10.60200444650348,
        10.395622429253768,
        10.332182575832531,
        10.095647278342089,
        10.220619535211272,
        9.748207444627884,
        9.782930584208886,
        9.773946942954227,
        9.694286099460072,
        9.736135784796138,
        9.423523368003249,
        9.138019128218241,
        9.166729511634134,
        9.010250085512574,
        8.929361852099575,
        8.794317524673065,
        8.915583137388719,
        9.021338369542658,
        8.86873817242509,
        8.593637008049553,
        9.074574794675328,
        8.608306633763377,
        8.574942149216653,
        8.637438279822375,
        8.679577416722662,
        8.43218349923893,
        8.30456892190728,
        8.530435695017331,
        8.401514986885173,
        8.348188788852248,
        8.064140543310177,
        8.540006376168495,
        8.7869035813441,
        8.570065331240928,
        8.091490124078975,
        8.376265013075312,
        8.32433999985729,
        8.557914414429312,
        8.553199787864711,
        8.359157944128263,
        8.33549893330219,
        8.302959851527365,
        8.322734921352701,
        8.711078559236574,
        8.413504989108596,
        8.403496571110638,
        8.177215246311968,
        7.696217308071279,
        8.15022666684177,
        7.978889968678785,
        8.228457106577519,
        8.296359216554496,
        8.128903338642376,
        8.006172047963368,
        8.194117242395668,
        8.06129786902796
      ],
      "val_losses": [
        20.958375930786133,
        19.49123191833496,
        18.552608489990234,
        17.88320541381836,
        17.48105812072754,
        17.005149841308594,
        16.58771514892578,
        16.318620681762695,
        16.012300491333008,
        15.695765495300293,
        15.184861183166504,
        14.736553192138672,
        14.376023292541504,
        14.056429862976074,
        13.820119857788086,
        13.379438400268555,
        13.137598991394043,
        12.821818351745605,
        12.47793197631836,
        12.14530086517334,
        11.95442008972168,
        11.678584098815918,
        11.487926483154297,
        11.238901138305664,
        10.991334915161133,
        10.801633834838867,
        10.546391487121582,
        10.47311019897461,
        10.346699714660645,
        10.123086929321289,
        9.99094009399414,
        9.909029006958008,
        9.81030559539795,
        9.610448837280273,
        9.482141494750977,
        9.349346160888672,
        9.173247337341309,
        9.117278099060059,
        9.086467742919922,
        9.008014678955078,
        8.876559257507324,
        8.771110534667969,
        8.717966079711914,
        8.635403633117676,
        8.618513107299805,
        8.54200267791748,
        8.48734188079834,
        8.440234184265137,
        8.389596939086914,
        8.366414070129395,
        8.37485408782959,
        8.378746032714844,
        8.329737663269043,
        8.295307159423828,
        8.263915061950684,
        8.276973724365234,
        8.25662899017334,
        8.240086555480957,
        8.236429214477539,
        8.261446952819824,
        8.234037399291992,
        8.237098693847656,
        8.217723846435547,
        8.19420051574707,
        8.181153297424316,
        8.19127082824707,
        8.150793075561523,
        8.137384414672852,
        8.135568618774414,
        8.14927864074707,
        8.130451202392578,
        8.130545616149902,
        8.127786636352539,
        8.138799667358398,
        8.103836059570312,
        8.101146697998047,
        8.153236389160156,
        8.149012565612793,
        8.179495811462402,
        8.206428527832031,
        8.1930513381958,
        8.198871612548828,
        8.206928253173828,
        8.176353454589844,
        8.17931079864502,
        8.170610427856445
      ]
    },
    "lstm": {
      "final_val_rmse": 2.7893746424894257,
      "final_val_mae": 2.142118438196854,
      "best_val_loss": 7.762658596038818,
      "epochs_trained": 46,
      "train_losses": [
        18.59061519265762,
        17.87533457660071,
        16.982797033429396,
        15.654495988237782,
        13.497639278892393,
        10.643775790615203,
        8.523427741113135,
        8.48879070134334,
        8.489191234489295,
        8.223407121882483,
        8.294486515963271,
        8.293361371206114,
        8.060274486555171,
        8.05882743980413,
        8.227959045635655,
        8.060587608168278,
        8.046695132393136,
        8.099307957541178,
        8.149017315528328,
        8.085256942974523,
        8.09702695145899,
        8.1238970461234,
        8.057073016639833,
        8.08843399117649,
        8.020467392413403,
        8.031678282988063,
        8.025330383118234,
        8.090453559290264,
        7.989058269739655,
        7.890037946009787,
        7.978448834576966,
        8.140978974913477,
        8.050634307311002,
        7.955786274487833,
        8.01573233567519,
        8.01962631408133,
        8.002781660937659,
        8.24522749829007,
        8.0590650674577,
        8.18407368274074,
        8.043523751540054,
        8.048070579746254,
        7.993377083208593,
        8.051663069218334,
        8.056151082363035,
        8.02816812527339
      ],
      "val_losses": [
        17.77112579345703,
        16.983549118041992,
        15.928839683532715,
        14.215517044067383,
        11.552433013916016,
        8.738553047180176,
        7.9946160316467285,
        8.236356735229492,
        7.937520503997803,
        7.90083122253418,
        7.9662885665893555,
        7.90490198135376,
        7.855684280395508,
        7.841416358947754,
        7.834244728088379,
        7.835061550140381,
        7.8234758377075195,
        7.821376800537109,
        7.811217308044434,
        7.809241771697998,
        7.811168193817139,
        7.803785800933838,
        7.804922580718994,
        7.795432090759277,
        7.788285255432129,
        7.783816337585449,
        7.781250953674316,
        7.781966209411621,
        7.774903297424316,
        7.765811920166016,
        7.766505241394043,
        7.7735466957092285,
        7.786458492279053,
        7.784847736358643,
        7.763885021209717,
        7.762658596038818,
        7.770758628845215,
        7.7854838371276855,
        7.812503337860107,
        7.780971050262451,
        7.782250881195068,
        7.788825511932373,
        7.783370494842529,
        7.792428016662598,
        7.7773895263671875,
        7.780610084533691
      ]
    }
  },
  "2": {
    "position": 2,
    "mlp": {
      "final_val_rmse": 2.798451639968115,
      "final_val_mae": 2.085051585613996,
      "best_val_loss": 7.793029308319092,
      "epochs_trained": 29,