{
  "1": {
    "position": 1,
    "mlp": {
      "final_val_rmse": 2.9984451201959117,
      "final_val_mae": 2.0758658582056073,
      "best_val_loss": 8.990673065185547,
      "epochs_trained": 50,
      "train_losses": [
        20.17087251849782,
        19.727779899828036,
        19.32778171348706,
        18.805922346497656,
        18.266096822482275,
        18.082543301297108,
        17.764771225920537,
        17.288815988947352,
        17.017859650866235,
        16.576293613774773,
        16.112918154443342,
        15.893581084346033,
        15.63234684720667,
        15.108493263330534,
        14.833061006856083,
        14.544732847488907,
        14.26235563464772,
        13.949016436147993,
        13.892144076342653,
        13.326211405840665,
        13.133789047064033,
        12.991569796890376,
        12.776329505619744,
        12.490931725686576,
        12.080617191252953,
        11.807033888476571,
        11.674371635469226,
        11.384779553611374,
        11.27504588146599,
        11.065976017382177,
        10.802641568596643,
        10.493021426110264,
        10.548185414952513,
        10.256701535863158,
        10.107601701332431,
        9.949733606616348,
        9.78962961340521,
        9.76043332185148,
        9.630350433043574,
        9.330900256017998,
        9.346043127678717,
        9.316508624018455,
        9.05242789655735,
        8.898353840413856,
        8.610300502334155,
        8.859632900782994,
        8.830753150580216,
        8.862658436914131,
        8.664248618837984,
        8.552049149601162
      ],
      "val_losses": [
        20.999502182006836,
        20.02426528930664,
        19.573137283325195,
        19.054288864135742,
        18.678552627563477,
        18.21072006225586,
        17.77515983581543,
        17.37335777282715,
        16.97685432434082,
        16.539730072021484,
        16.225194931030273,
        15.963088035583496,
        15.666946411132812,
        15.420177459716797,
        15.18413257598877,
        14.838663101196289,
        14.501372337341309,
        14.309866905212402,
        14.044065475463867,
        13.768573760986328,
        13.608454704284668,
        13.36484146118164,
        13.164925575256348,
        12.883697509765625,
        12.577513694763184,
        12.326266288757324,
        12.089160919189453,
        11.906124114990234,
        11.66171932220459,
        11.495499610900879,
        11.284282684326172,
        11.179248809814453,
        11.0204439163208,
        10.792013168334961,
        10.598002433776855,
        10.428522109985352,
        10.272095680236816,
        10.203306198120117,
        10.083052635192871,
        9.945629119873047,
        9.796530723571777,
        9.654486656188965,
        9.560364723205566,
        9.436506271362305,
        9.303278923034668,
        9.267319679260254,
        9.214067459106445,
        9.150558471679688,
        9.037581443786621,
        8.990673065185547
      ]
    },
    "lstm": {
      "final_val_rmse": 2.7858436406096043,
      "final_val_mae": 2.15004130215712,
      "best_val_loss": 7.730914115905762,
      "epochs_trained": 50,
      "train_losses": [
        20.13415975389474,
        19.4831331670494,
        18.698232005130734,
        17.340312435625307,
        14.969363479023665,
        11.470039884445116,
        8.57329747879866,
        8.824952536280268,
        8.391428667587935,
        8.163042880883106,
        8.146571867739459,
        8.146188153757501,
        8.054350061705211,
        8.281268008404597,
        8.109741688110223,
        8.142192381523932,
        8.193741283309368,
        8.094193139770852,
        8.109604226125118,
        8.21152201175354,
        8.02306084864413,
        8.038729789137925,
        7.95168496252029,
        8.212502224859765,
        8.038528406141847,
        8.014899076667158,
        7.99356522348714,
        8.101712089957358,
        8.04665352138812,
        7.896162147172985,
        8.066079165212376,
        8.089050144313676,
        7.98091356356659,
        8.019058108078099,
        8.021752190036223,
        8.09054340098124,
        7.995979378208319,
        7.974108691285983,
        7.979584284519998,
        8.085738827022846,
        7.924785544216255,
        7.998216170982774,
        7.916670014369999,
        7.983654414827265,
        7.9135830065131945,
        7.983153712992766,
        8.071650097019482,
        8.003067188410588,
        7.915310490559223,
        8.056699398451503
      ],
      "val_losses": [
        19.303848266601562,
        18.620046615600586,
        17.58513641357422,
        15.765097618103027,
        12.756258964538574,
        9.1458158493042,
        8.082608222961426,
        8.450175285339355,
        7.927948474884033,
        7.972353458404541,
        8.003303527832031,
        7.870270729064941,
        7.83820104598999,
        7.835247993469238,
        7.812963962554932,
        7.813114643096924,
        7.804981708526611,
        7.791304111480713,
        7.777368068695068,
        7.77180814743042,
        7.766693592071533,
        7.765329837799072,
        7.760514736175537,
        7.750518321990967,
        7.745893955230713,
        7.741112232208252,
        7.743508815765381,
        7.74692964553833,
        7.751899719238281,
        7.7506585121154785,
        7.744200229644775,
        7.739892959594727,
        7.7507548332214355,
        7.748351097106934,
        7.764542102813721,
        7.775910377502441,
        7.749993324279785,
        7.738401889801025,
        7.738574028015137,
        7.745259761810303,
        7.7354350090026855,
        7.730914115905762,
        7.73248291015625,
        7.745464324951172,
        7.734035015106201,
        7.739575386047363,
        7.757244110107422,
        7.7578959465026855,
        7.758503437042236,
        7.760924816131592
      ]
    }
  },
  "2": {
    "position": 2,
    "mlp": {
      "final_val_rmse": 2.7836649488765772,
      "final_val_mae": 2.041657658143975,
      "best_val_loss": 7.743290424346924,
      "epochs_trained": 39,
      "train_losses": [
        13.263161315041026,
        11.865298154984398,
        10.939427089691161,
        10.154167527165907,
        9.807641833952104,
        9.534958670605189,
        9.341408365622334,
        9.199310291772601,
        9.149743908849256,
        9.089548424468644,
        8.87229184337046,
        9.034684977038154,
        9.022233231862385,
        8.854838748361873,
        8.934376625631048,
        8.806438746397523,
        8.80395446426567,
        8.682568746325613,
        8.725337405588435,
        8.786845872594022,
        8.644151602120235,
        8.759517759564279,
        8.781058934091151,
        8.583009268223554,
        8.696982105298973,
        8.609213559380892,
        8.611613148656385,
        8.574663993133896,
        8.527227493812298,
        8.570018244337762,
        8.555031651464002,
        8.555750524586644,
        8.597863736645929,
        8.535509407657317,
        8.509464978623663,
        8.525517528358547,
        8.572712444436961,
        8.512063423244433,
        8.44893197465217
      ],