{
  "1": {
    "position": 1,
    "mlp": {
      "final_val_rmse": 2.972358839607256,
      "final_val_mae": 2.0424413798560557,
      "best_val_loss": 8.834917068481445,
      "epochs_trained": 50,
      "train_losses": [
        20.949402087679385,
        20.703713294236614,
        19.7283486642106,
        19.19581210185406,
        18.83144224638003,
        18.10206350988271,
        17.66392736146351,
        17.306716406202753,
        16.882819970336957,
        16.53703840176544,
        16.102361105932978,
        15.594183145317706,
        15.086314742956088,
        14.664945056789112,
        14.424406881151192,
        14.349708468539877,
        13.654221615935613,
        13.296377715554396,
        13.413518185518226,
        12.774202817263191,
        12.769999593349514,
        12.283721941948608,
        12.20284694454185,
        11.876747801805532,
        11.8645944273195,
        11.38216544774785,
        11.420226423275631,
        11.143702877482253,
        10.961899066793508,
        10.934294214725158,
        10.618067538713083,
        10.449815391068052,
        10.429219353291286,
        9.991875128037991,
        9.827290216857996,
        9.739806690659009,
        9.755304655669693,
        9.777811479266473,
        9.345687805138198,
        9.461961236157777,
        9.358242619465473,
        9.072055343504442,
        9.094165332882778,
        9.250225053044963,
        8.813400773579264,
        8.971288087752233,
        9.189456643058245,
        8.945763140979743,
        9.114607106288666,
        8.695773077715794
      ],
      "val_losses": [
        21.868183135986328,
        20.30013084411621,
        19.36972427368164,
        18.438627243041992,
        17.633838653564453,
        17.281532287597656,
        16.826763153076172,
        16.4562931060791,
        16.262197494506836,
        15.880858421325684,
        15.704195976257324,
        15.394022941589355,
        14.99510383605957,
        14.646734237670898,
        14.397024154663086,
        14.183358192443848,
        13.894397735595703,
        13.613360404968262,
        13.324023246765137,
        13.054479598999023,
        12.825697898864746,
        12.399618148803711,
        12.234283447265625,
        12.010618209838867,
        11.837419509887695,
        11.637815475463867,
        11.372588157653809,
        11.20562744140625,
        11.100884437561035,
        10.868597030639648,
        10.642363548278809,
        10.518097877502441,
        10.380380630493164,
        10.269126892089844,
        10.157648086547852,
        10.001466751098633,
        9.812835693359375,
        9.702258110046387,
        9.606898307800293,
        9.491609573364258,
        9.443314552307129,
        9.363402366638184,
        9.315323829650879,
        9.256453514099121,
        9.14024543762207,
        9.099544525146484,
        9.02956771850586,
        8.930020332336426,
        8.864311218261719,
        8.834917068481445
      ]
    },
    "lstm": {
      "final_val_rmse": 2.78613302314792,
      "final_val_mae": 2.1457082197699746,
      "best_val_loss": 7.747941970825195,
      "epochs_trained": 50,
      "train_losses": [
        18.843998450615473,
        18.29763359724846,
        17.674664216172435,
        16.746843332643664,
        15.222433843887833,
        12.788224248463298,
        9.842408099701336,
        8.507790044694614,
        8.587596530229755,
        8.594622804613536,
        8.335281547234983,
        8.403344069124527,
        8.500881469560122,
        8.142929091913276,
        8.190400148427965,
        8.240992789030242,
        8.295618374023867,
        8.122418892542969,
        8.339923383483242,
        8.225147268455016,
        8.228731716459356,
        8.152385616369603,
        8.069437483009699,
        8.028129859510901,
        8.221751384882756,
        8.32528000327586,
        8.246872378771444,
        8.284407545864205,
        8.143575860277856,
        8.128955839722195,
        8.106663873042967,
        8.158501563317166,
        8.160892205704776,
        8.238559085327836,
        8.077606275667195,
        8.146431290037945,
        8.136072450083464,
        8.121551833129281,
        8.101650798429828,
        8.121573971661777,
        8.222805734590105,
        8.074455990412133,
        8.084577330563121,
        8.160138420786847,
        8.12665525647136,
        8.171552923848141,
        8.129113522824227,
        8.093107601356373,
        8.123689640751193,
        8.081474984052901
      ],
      "val_losses": [
        18.12889862060547,
        17.557466506958008,
        16.80467414855957,
        15.62840461730957,
        13.613533973693848,
        10.703605651855469,
        8.296804428100586,
        8.041693687438965,
        8.120671272277832,
        7.891177654266357,
        7.934483528137207,
        7.9483232498168945,
        7.887019634246826,
        7.854082107543945,
        7.843707084655762,
        7.8349456787109375,
        7.835123062133789,
        7.834996223449707,
        7.830373764038086,
        7.809266090393066,
        7.798342227935791,
        7.794016361236572,
        7.786883354187012,
        7.7879557609558105,
        7.787465572357178,
        7.7857818603515625,
        7.793638229370117,
        7.780653476715088,
        7.764496326446533,
        7.753047466278076,
        7.7542266845703125,
        7.7630181312561035,
        7.761474132537842,
        7.763765811920166,
        7.750156402587891,
        7.755523681640625,
        7.760181903839111,
        7.758265972137451,
        7.7523956298828125,
        7.766111850738525,
        7.750776767730713,
        7.747941970825195,
        7.75206995010376,
        7.758349418640137,
        7.759840488433838,
        7.758711814880371,
        7.76839017868042,
        7.767397880554199,
        7.767800807952881,
        7.762537002563477
      ]
    }
  },
  "2": {
    "position": 2,
    "mlp": {
      "final_val_rmse": 2.787335242734134,
      "final_val_mae": 2.065500468700782,
      "best_val_loss": 7.761030673980713,
      "epochs_trained": 48,
      "train_losses": [
        15.019421610338934,
        13.2655611958997,
        12.134207561098297,
        11.400315279248117,
        10.531126074955381,
        10.10844724479763,
        9.704299637366985,
        9.454005211797254,
        9.24999644619295,
        9.220064199381861,
        9.02632849901572,
        8.963638310048772,
        9.019356661829455,
        9.014832959229919,
        8.974209507032372,
        8.985939464349856,
        8.730259046883418,
        8.857155530206088,
        8.923193624649924,
        8.780337604435012,
        8.796436180465523,
        8.739104369591022,
        8.827671875350777,
        8.82248061169153,
        8.65124538465478,
        8.689013097478055,
        8.71540492266074,
        8.757227678408569,
        8.694597610385939,
        8.627074692167085,
        8.548623547608825,
        8.53315094805312,
        8.554677204702092,
        8.569038899739583,
        8.553604682834669,
        8.497744450623962,
        8.600589589963015,
        8.537187923782174,
        8.569090680966433,
        8.447750348058241,
        8.46724453849354,
        8.508437761767157,
        8.565900055019334,
        8.501749729288035,
        8.446173257937376,
        8.470949372477914,
        8.483416489349015,
        8.510580972693432
      ],