{
  "1": {
    "position": 1,
    "mlp": {
      "final_val_rmse": 2.933675934564851,
      "final_val_mae": 2.0209720534338076,
      "best_val_loss": 8.606453895568848,
      "epochs_trained": 50,
      "train_losses": [
        20.448899799967048,
        19.929078209492456,
        19.584041756529945,
        18.5938861962358,
        18.197562545894485,
        17.761700053688173,
        17.384991587424764,
        17.03481690368545,
        16.448352350641688,
        16.16358022267008,
        15.83103318586893,
        15.571799795699741,
        15.169212743985996,
        14.834762624247992,
        14.610139159565657,
        14.077920115723902,
        13.68897851196332,
        13.635185446393566,
        13.146554777774904,
        13.195073625724303,
        12.812235726847101,
        12.512270770385012,
        12.2588702892435,
        12.166248057108374,
        11.747622732877899,
        11.45486758780429,
        11.088963745514496,
        11.163203390444945,
        10.880717609064584,
        10.614003104948813,
        10.909657530680581,
        10.350997905341947,
        10.338721790756665,
        10.237794455300747,
        9.998113993940683,
        9.931273944943324,
        9.560582481078242,
        9.561851865216765,
        9.458531176347618,
        9.514513933180421,
        9.374127843025954,
        9.251672258182447,
        8.976798393791784,
        9.113523081270094,
        8.970967526338539,
        8.907625625873434,
        8.824562167383096,
        8.614717067420525,
        8.661024157385185,
        8.79735374249345
      ],
      "val_losses": [
        18.656002044677734,
        18.544626235961914,
        18.248876571655273,
        17.87963104248047,
        17.647518157958984,
        17.323192596435547,
        16.938247680664062,
        16.601764678955078,
        16.328853607177734,
        16.056575775146484,
        15.79024887084961,
        15.574713706970215,
        15.285279273986816,
        15.051444053649902,
        14.800253868103027,
        14.494390487670898,
        14.177840232849121,
        13.942415237426758,
        13.59470272064209,
        13.300657272338867,
        13.108516693115234,
        12.926244735717773,
        12.686923027038574,
        12.395377159118652,
        12.160229682922363,
        11.982582092285156,
        11.777888298034668,
        11.531946182250977,
        11.304304122924805,
        11.068814277648926,
        10.845900535583496,
        10.651468276977539,
        10.459874153137207,
        10.32183837890625,
        10.165627479553223,
        10.001015663146973,
        9.813435554504395,
        9.7155122756958,
        9.525198936462402,
        9.377080917358398,
        9.232892990112305,
        9.198493957519531,
        9.092087745666504,
        9.038247108459473,
        9.023331642150879,
        8.929167747497559,
        8.808890342712402,
        8.753997802734375,
        8.668118476867676,
        8.606453895568848
      ]
    },
    "lstm": {
      "final_val_rmse": 2.7805416943749255,
      "final_val_mae": 2.171042949381009,
      "best_val_loss": 7.7276716232299805,
      "epochs_trained": 50,
      "train_losses": [
        19.85408004583564,
        19.324701052832822,
        18.803391663982868,
        17.99573833350142,
        16.646450104468478,
        14.238461232034359,
        11.010486872577063,
        8.812558071115,
        8.406903781662685,
        8.673089207267358,
        8.305928801080864,
        8.294369688174994,
        8.37559432533742,
        8.445363972239054,
        8.27830316314053,
        8.392408632040862,
        8.229556244079031,
        8.2251565129215,
        8.245415547966202,
        8.192042448082749,
        8.281089001185117,
        8.227877084341458,
        8.27276330661975,
        8.258608205984546,
        8.19212577344665,
        8.132565958746548,
        8.12646622627575,
        8.217403830649733,
        8.149442214348381,
        8.182328512432036,
        8.112303589532948,
        8.23105007791754,
        8.212869643829475,
        8.184386877506908,
        8.102724744768565,
        8.170027967073144,
        8.104529792535985,
        8.182719992383277,
        8.14485605160675,
        8.08976318364744,
        8.193267245094681,
        8.040816434917947,
        8.152288892250679,
        8.012385451567164,
        8.057503255968946,
        8.163062633216423,
        8.159611063721648,
        8.1608621716751,
        8.050254722450251,
        8.164536576133475
      ],
      "val_losses": [
        19.08868408203125,
        18.6253604888916,
        17.995336532592773,
        16.89815330505371,
        14.974560737609863,
        11.999820709228516,
        9.002548217773438,
        7.883264064788818,
        8.148138999938965,
        7.945487022399902,
        7.864194393157959,
        7.9103617668151855,
        7.902725696563721,
        7.8585028648376465,
        7.836568355560303,
        7.831532955169678,
        7.823937892913818,
        7.8196539878845215,
        7.8164873123168945,
        7.809112071990967,
        7.796235084533691,
        7.788402080535889,
        7.7843098640441895,
        7.791112899780273,
        7.779775142669678,
        7.7699079513549805,
        7.767331600189209,
        7.764909267425537,
        7.759545803070068,
        7.757304668426514,
        7.756416320800781,
        7.7594075202941895,
        7.752854347229004,
        7.749936580657959,
        7.755119323730469,
        7.7531867027282715,
        7.747917175292969,
        7.7522101402282715,
        7.7444539070129395,
        7.73588228225708,
        7.734553337097168,
        7.736538410186768,
        7.742696762084961,
        7.73349666595459,
        7.734692573547363,
        7.7392897605896,
        7.7399492263793945,
        7.7276716232299805,
        7.730255126953125,
        7.731411933898926
      ]
    }
  },
  "2": {
    "position": 2,
    "mlp": {
      "final_val_rmse": 2.8032699385490742,
      "final_val_mae": 2.059329019332754,
      "best_val_loss": 7.851235389709473,
      "epochs_trained": 27,
      "train_losses": [
        14.356308213595685,
        12.942084183090035,
        11.831710455883508,
        11.019177669218216,
        10.283142534891764,
        9.786492753302914,
        9.484055644068224,
        9.278571850129929,
        9.174303624821805,
        9.099019153638817,
        8.966686592978993,
        9.015640464870408,
        8.91642232872974,
        8.87502924601237,
        8.767643926335477,
        8.770837246686563,
        8.715895941065646,
        8.795179978732405,
        8.659541349301392,
        8.772017599522382,
        8.686633971641804,
        8.789605967203777,
        8.739021695893387,
        8.629824260185504,
        8.670488217233242,
        8.497456263399672,
        8.6155365735635
      ],
      "val_losses": [
        12.701558113098145,
        11.787653923034668,
        10.860628128051758,
        10.055154800415039,
        9.357963562011719,
        8.912314414978027,
        8.587146759033203,
        8.385417938232422,
        8.178190231323242,
        8.092981338500977,
        8.020607948303223,
        7.939362525939941,
        7.947559833526611,
        7.899429798126221,
        7.891995429992676,
        7.866485118865967,
        7.851235389709473,
        7.868982315063477,
        7.865278244018555,
        7.876075267791748,
        7.884105205535889,
        7.874285697937012,
        7.870279788970947,
        7.862697601318359,
        7.880999565124512,
        7.869073390960693,
        7.8583221435546875
      ]
    },
    "lstm": {
      "final_val_rmse": 2.7876986750161996,
      "final_val_mae": 2.063856422764131,
      "best_val_loss": 7.71939754486084,
      "epochs_trained": 23,