{
  "1": {
    "position": 1,
    "mlp": {
      "final_val_rmse": 3.852999641160507,
      "final_val_mae": 2.697431353741968,
      "best_val_loss": 14.20628833770752,
      "epochs_trained": 11,
      "train_losses": [
        19.316486926417717,
        18.121369920927904,
        17.35796636061967,
        16.86564070133153,
        16.278528870536274,
        15.646702533536692,
        15.354076610997392,
        14.630612782740744,
        14.57090566797545,
        14.483021136155688,
        13.841695373449252
      ],
      "val_losses": [
        14.20628833770752,
        16.204700469970703,
        16.760297775268555,
        17.00600814819336,
        16.741621017456055,
        16.362873077392578,
        15.927733421325684,
        15.651734352111816,
        15.413840293884277,
        15.12185287475586,
        14.84560489654541
      ]
    },
    "lstm": {
      "final_val_rmse": 2.7829387839720807,
      "final_val_mae": 2.1580201478071617,
      "best_val_loss": 7.735655307769775,
      "epochs_trained": 41,
      "train_losses": [
        18.969389151050372,
        18.28063115597107,
        17.370493231148554,
        15.958857683964299,
        13.385607661704292,
        10.130121006922014,
        8.30807162237201,
        8.773832408413762,
        8.381097607676367,
        8.133243902395678,
        8.28717380472676,
        8.136264849011114,
        8.115755988207608,
        7.899409473990992,
        7.988882151059413,
        8.069722505122487,
        8.065051980122641,
        8.175971417423707,
        8.127100673382925,
        8.111016176855959,
        8.079743928929435,
        7.999755976822576,
        8.116320657360982,
        8.055005178914618,
        7.96181662329312,
        8.11106119484737,
        8.038308657029411,
        8.077559974477126,
        8.036879875725377,
        7.863054619801875,
        7.930318339788771,
        8.049486016656713,
        7.986172939840125,
        7.933852174263618,
        8.077213173932714,
        8.035303283291414,
        7.9924476785948375,
        7.923137963782894,
        8.10439899251295,
        7.99541966467152,
        8.047759940974903
      ],
      "val_losses": [
        18.204727172851562,
        17.44227409362793,
        16.35028648376465,
        14.473170280456543,
        11.436155319213867,
        8.43768310546875,
        8.296024322509766,
        8.21357250213623,
        7.911556720733643,
        8.01800537109375,
        7.964519023895264,
        7.868368148803711,
        7.842560768127441,
        7.832401752471924,
        7.816812992095947,
        7.811530590057373,
        7.801937103271484,
        7.784847736358643,
        7.778016090393066,
        7.779182434082031,
        7.773599624633789,
        7.763359546661377,
        7.75913143157959,
        7.76398229598999,
        7.749518394470215,
        7.743535995483398,
        7.746865272521973,
        7.748221397399902,
        7.742021560668945,
        7.73586368560791,
        7.735655307769775,
        7.746674537658691,
        7.741020679473877,
        7.741893768310547,
        7.746700763702393,
        7.75027322769165,
        7.752865314483643,
        7.750980377197266,
        7.748176097869873,
        7.749212741851807,
        7.744748115539551
      ]
    }
  },
  "2": {
    "position": 2,
    "mlp": {
      "final_val_rmse": 2.803638313109067,
      "final_val_mae": 2.0515394877428297,
      "best_val_loss": 7.83599853515625,
      "epochs_trained": 35,
      "train_losses": [
        11.66866140255983,
        10.719790224097242,
        9.971657309038886,
        9.637247125033674,
        9.358701425311208,
        9.186188806336501,
        9.000181814171802,
        9.117373491703779,
        9.096938382072011,
        8.94881539618832,
        8.830958780749091,
        8.968568228579116,
        8.868655068846955,
        8.747302353519133,
        8.700714876459934,
        8.8198262729864,
        8.728176724225625,
        8.679849258510545,
        8.722519280444617,
        8.67528986547185,
        8.735596068152066,
        8.583622364614202,
        8.725012915161834,
        8.596673746218627,
        8.598059838393638,
        8.614759326803274,
        8.631015847743242,
        8.636387594814959,
        8.565864085054946,
        8.579780135757622,
        8.630188904685536,
        8.54621483484904,
        8.590012173268986,
        8.605615524862005,
        8.551984449364673
      ],
      "val_losses": [
        10.866830825805664,
        9.899023056030273,
        9.140731811523438,
        8.685047149658203,
        8.412785530090332,
        8.214622497558594,
        8.142557144165039,
        8.07725715637207,
        8.028738021850586,
        7.972639560699463,
        7.972935199737549,
        7.960395336151123,
        7.939910411834717,
        7.995048522949219,
        7.921999931335449,
        7.945643424987793,
        7.900104522705078,
        7.850963115692139,
        7.897375583648682,
        7.879695415496826,
        7.896304607391357,
        7.90655517578125,
        7.855335712432861,
        7.850236892700195,
        7.83599853515625,
        7.849812030792236,
        7.844875335693359,
        7.847850322723389,
        7.854118347167969,
        7.860809326171875,
        7.861845970153809,
        7.859577655792236,
        7.855523109436035,
        7.850740909576416,
        7.860387325286865
      ]
    },
    "lstm": {
      "final_val_rmse": 2.788404132237565,
      "final_val_mae": 2.0590208094695517,
      "best_val_loss": 7.716420650482178,
      "epochs_trained": 24,
      "train_losses": [
        14.449467823423188,
        9.548494792806691,
        8.68584555264177,
        8.648344285460725,
        8.633181758310602,
        8.57777994967055,
        8.625328776480137,
        8.601821230745864,
        8.59839522482335,
        8.59515408044574,
        8.514119518762348,
        8.555931845478629,
        8.562356023678834,
        8.550096272874152,
        8.577816978542284,
        8.548196131607583,
        8.60436814626058,
        8.547861143090259,
        8.542377309689577,
        8.541542265881066,
        8.551432372783793,
        8.499558258056641,
        8.556535516936204,
        8.55466734568278
      ],
      "val_losses": [
        11.1220121383667,
        7.811334609985352,
        7.752702713012695,
        7.764084815979004,
        7.757051467895508,
        7.739022254943848,
        7.744009494781494,
        7.73422908782959,
        7.761858940124512,
        7.745814323425293,
        7.736884117126465,
        7.7321038246154785,
        7.731988430023193,
        7.716420650482178,
        7.727484226226807,
        7.725722789764404,
        7.719295501708984,
        7.72632360458374,
        7.723506450653076,
        7.771834373474121,
        7.728442668914795,
        7.749191761016846,
        7.7538275718688965,
        7.775197505950928
      ]
    }
  },
  "3": {
    "position": 3,
    "mlp": {
      "final_val_rmse": 2.8493959397706816,
      "final_val_mae": 1.8049758210720255,
      "best_val_loss": 8.095247268676758,
      "epochs_trained": 36,