{
  "1": {
    "position": 1,
    "mlp": {
      "final_val_rmse": 2.9217821746702555,
      "final_val_mae": 2.06645131111145,
      "best_val_loss": 8.532792091369629,
      "epochs_trained": 50,
      "train_losses": [
        17.290045165076044,
        16.585760425296492,
        16.129789492011824,
        15.743338237926206,
        15.312708143278547,
        14.857152777771812,
        14.225860415840552,
        14.069249560512514,
        13.499834695556984,
        13.239799313608984,
        12.948566000533726,
        12.768759587212065,
        12.49624113999648,
        11.927462384534671,
        12.101450462394999,
        11.5824310113476,
        11.05961462983273,
        11.286360753413073,
        10.913637080048273,
        10.627081231446773,
        10.55128290953559,
        10.594222145966457,
        10.300361219885314,
        9.837560849656192,
        9.977543929527545,
        9.509548223496825,
        9.853344139458846,
        9.489462470605623,
        9.467199322205879,
        8.964707919529506,
        9.31492313744735,
        9.006646614021017,
        8.942521329499902,
        8.889646564378946,
        8.719076282117335,
        8.90792074176646,
        8.515452491658243,
        8.50464680864306,
        8.348410237263325,
        8.595473693509406,
        8.241068572917511,
        8.471987327666957,
        8.220485416119741,
        8.611100966287783,
        8.540455083961138,
        8.490283520434794,
        8.207791240512275,
        8.243155640502113,
        8.25941538357718,
        8.472856852473045
      ],
      "val_losses": [
        16.037525177001953,
        16.17983627319336,
        16.116798400878906,
        15.981730461120605,
        15.609286308288574,
        15.262898445129395,
        14.981067657470703,
        14.611739158630371,
        14.321868896484375,
        14.042832374572754,
        13.872639656066895,
        13.650611877441406,
        13.297948837280273,
        13.050849914550781,
        12.78099536895752,
        12.475699424743652,
        12.194217681884766,
        11.999629974365234,
        11.764673233032227,
        11.603599548339844,
        11.49769115447998,
        11.290068626403809,
        11.1109619140625,
        10.896368980407715,
        10.713109970092773,
        10.5484037399292,
        10.42018985748291,
        10.221023559570312,
        10.034976959228516,
        9.938204765319824,
        9.85965347290039,
        9.719300270080566,
        9.560848236083984,
        9.401256561279297,
        9.271844863891602,
        9.141180038452148,
        9.066302299499512,
        8.97292423248291,
        8.943161964416504,
        8.865923881530762,
        8.814618110656738,
        8.77210807800293,
        8.728650093078613,
        8.687114715576172,
        8.674734115600586,
        8.637818336486816,
        8.577919960021973,
        8.57111644744873,
        8.532792091369629,
        8.536810874938965
      ]
    },
    "lstm": {
      "final_val_rmse": 2.784955863354023,
      "final_val_mae": 2.1627279728231295,
      "best_val_loss": 7.7528605461120605,
      "epochs_trained": 50,
      "train_losses": [
        18.15371713900046,
        17.69888766125673,
        17.054873165154778,
        16.014639253099563,
        14.17259822740763,
        11.352191149894827,
        8.90623933978688,
        8.312572618171751,
        8.62618243669138,
        8.361645877067678,
        8.30771497636509,
        8.315872486337316,
        8.166058558464721,
        8.286622921234281,
        8.200123465455476,
        8.12958010211115,
        8.23091541923829,
        8.202773306589576,
        8.15960405310806,
        8.145464826016088,
        8.212389071167228,
        8.119950542812362,
        7.993407523271317,
        8.181342680298217,
        8.026630284834882,
        7.937843459664223,
        8.171278091151475,
        8.013140013988046,
        8.078601951250134,
        8.1525238498175,
        8.1204097541095,
        8.076101946042172,
        8.163142961989315,
        8.028316876319494,
        8.01896150878917,
        8.082277159049928,
        8.109341483817479,
        8.091531007244585,
        8.116081738455206,
        8.060408900272334,
        8.138454511415615,
        8.075348048039006,
        8.044062938596227,
        7.9175919422710725,
        8.018964503031226,
        8.031632232129112,
        7.99993610449193,
        7.988750371523595,
        7.9264748242436625,
        8.175603162562822
      ],
      "val_losses": [
        17.501585006713867,
        16.97600555419922,
        16.140117645263672,
        14.68542766571045,
        12.247095108032227,
        9.325325012207031,
        7.861278533935547,
        8.162962913513184,
        8.02480697631836,
        7.839646816253662,
        7.901793479919434,
        7.880893707275391,
        7.8351311683654785,
        7.8172478675842285,
        7.813291072845459,
        7.807365417480469,
        7.807726860046387,
        7.81166410446167,
        7.797851085662842,
        7.790442943572998,
        7.788167953491211,
        7.784128665924072,
        7.787428855895996,
        7.7877116203308105,
        7.7815937995910645,
        7.780359745025635,
        7.776366710662842,
        7.773917198181152,
        7.768979549407959,
        7.771644115447998,
        7.784721374511719,
        7.7747907638549805,
        7.756130695343018,
        7.755427360534668,
        7.755659580230713,
        7.755912780761719,
        7.753628253936768,
        7.754904747009277,
        7.760287284851074,
        7.7602219581604,
        7.7528605461120605,
        7.761862754821777,
        7.76273775100708,
        7.761812210083008,
        7.7606401443481445,
        7.763215065002441,
        7.766502380371094,
        7.763750076293945,
        7.758365154266357,
        7.755978584289551
      ]
    }
  },
  "2": {
    "position": 2,
    "mlp": {
      "final_val_rmse": 2.79372455891682,
      "final_val_mae": 2.06292168545997,
      "best_val_loss": 7.786580562591553,
      "epochs_trained": 41,
      "train_losses": [
        11.967863716476264,
        10.92713885690974,
        10.126405996563792,
        9.677254896054322,
        9.288207956292164,
        9.210612943802756,
        9.14152441134398,
        9.053082926519986,
        9.003819739681552,
        8.957842298485767,
        8.93758894054369,
        8.835483632142516,
        8.854305714574354,
        8.872242620621604,
        8.680001585510956,
        8.701996021709222,
        8.658287267575318,
        8.750096483340208,
        8.574426659770396,
        8.734837133034892,
        8.589439569670578,
        8.694338616557506,
        8.643469844467338,
        8.578919645287524,
        8.592842847451397,
        8.584308839118343,
        8.573602488945271,
        8.563626089863394,
        8.58714613859681,
        8.525003622866224,
        8.521756093255405,
        8.604935687711869,
        8.503701714263565,
        8.45522982498695,
        8.46968938564432,
        8.40266708395947,
        8.567267172363982,
        8.5352968961343,
        8.600719510001698,
        8.637742509513066,
        8.523418132738135
      ],