{
  "1": {
    "position": 1,
    "mlp": {
      "final_val_rmse": 2.8538455041377313,
      "final_val_mae": 2.1214872027786686,
      "best_val_loss": 8.144173622131348,
      "epochs_trained": 71,
      "train_losses": [
        14.641699739277657,
        14.58680368459703,
        13.97262706461295,
        13.504472787576523,
        13.104388547732242,
        12.625390247422821,
        12.236998090267518,
        11.862412721820485,
        11.68310196008756,
        11.640708328048417,
        11.086783527237356,
        10.949205062995068,
        10.632348943813682,
        10.466521908077533,
        10.382667112652472,
        10.083823925504207,
        9.90289500865359,
        10.001028398490975,
        9.888227245993885,
        9.508927543258935,
        9.360299998316272,
        9.626243989288094,
        9.385939381979956,
        8.966348250762918,
        9.103180726257367,
        8.95762267102665,
        9.102179817881574,
        8.395342414770052,
        8.79970381110592,
        8.841607215956515,
        8.7908720580899,
        8.50136465157194,
        8.729266715670539,
        8.590986789405388,
        8.104893872974458,
        8.357133062015025,
        8.275244734976846,
        8.512594343154554,
        8.192161249325864,
        8.373336295356724,
        8.163622205480566,
        8.090644710924657,
        7.906773734310829,
        8.260354993378588,
        8.150868698377831,
        8.270296010561681,
        8.087221571796801,
        8.154503021334193,
        8.105939371832486,
        8.106960053346596,
        8.084865281482887,
        8.147678784968399,
        8.130835211671297,
        8.094602171087836,
        8.56104760300853,
        7.910998958168862,
        8.212459866217037,
        8.236623849942598,
        8.24672782127493,
        7.849751528512416,
        7.979177682690013,
        8.221610601480203,
        7.990963010365153,
        8.016281500406285,
        8.005990456897218,
        8.210080494434376,
        8.119840507185183,
        8.140690967283309,
        7.760993724973331,
        8.032355517253835,
        8.229384441764987
      ],
      "val_losses": [
        14.834734916687012,
        14.869672775268555,
        14.635951042175293,
        14.174212455749512,
        13.699851989746094,
        13.297628402709961,
        12.944998741149902,
        12.563508987426758,
        12.123933792114258,
        11.761138916015625,
        11.510418891906738,
        11.190239906311035,
        10.909404754638672,
        10.695945739746094,
        10.516080856323242,
        10.28581714630127,
        10.106122970581055,
        9.846953392028809,
        9.721614837646484,
        9.57148551940918,
        9.465161323547363,
        9.38961124420166,
        9.236034393310547,
        9.154670715332031,
        8.998430252075195,
        8.896018981933594,
        8.825223922729492,
        8.766879081726074,
        8.672307014465332,
        8.620488166809082,
        8.554513931274414,
        8.490259170532227,
        8.451058387756348,
        8.435383796691895,
        8.427287101745605,
        8.417058944702148,
        8.405254364013672,
        8.379460334777832,
        8.379006385803223,
        8.368013381958008,
        8.320842742919922,
        8.293412208557129,
        8.279974937438965,
        8.244769096374512,
        8.229205131530762,
        8.223451614379883,
        8.237455368041992,
        8.247432708740234,
        8.253876686096191,
        8.278698921203613,
        8.249031066894531,
        8.231949806213379,
        8.22140121459961,
        8.230035781860352,
        8.1871337890625,
        8.145285606384277,
        8.153799057006836,
        8.159941673278809,
        8.158503532409668,
        8.160901069641113,
        8.144173622131348,
        8.180710792541504,
        8.178864479064941,
        8.181529998779297,
        8.187874794006348,
        8.175336837768555,
        8.15746021270752,
        8.169435501098633,
        8.169828414916992,
        8.17028522491455,
        8.14443302154541
      ]
    },
    "lstm": {
      "final_val_rmse": 2.7874332257894245,
      "final_val_mae": 2.147941653157624,
      "best_val_loss": 7.757685661315918,
      "epochs_trained": 49,
      "train_losses": [
        19.83292922463575,
        19.163945667178258,
        18.564218137232373,
        17.719506496614674,
        16.24302194019508,
        13.703104676871463,
        10.33217691989284,
        8.30218587099541,
        8.70761081083487,
        8.366643743897558,
        8.181564706215802,
        8.205620350257181,
        8.373477316338944,
        8.14359820518252,
        8.161940260557621,
        8.234143197410631,
        8.206873859845778,
        8.095488411032926,
        8.104721919656386,
        8.117661467410576,
        8.029171238979096,
        8.11247938640683,
        8.009650579059233,
        8.003897792096712,
        8.229478556198774,
        8.06989203499372,
        8.224467741612562,
        8.030307630180557,
        8.142880563246038,
        8.074693715379407,
        8.136815882836489,
        8.128741123741735,
        8.088866210671734,
        8.1543379974231,
        8.057369506669497,
        8.161317311903694,
        8.039457718475363,
        8.078577777183366,
        8.07011777728817,
        8.124864320197968,
        7.998430179593263,
        8.162226711504061,
        8.131634265247321,
        8.094142706439497,
        8.047575688882247,
        7.958709732232842,
        8.218854682031104,
        8.047035598486431,
        7.945432794505153
      ],
      "val_losses": [
        18.96293067932129,
        18.405895233154297,
        17.722314834594727,
        16.61670684814453,
        14.610671997070312,
        11.41378116607666,
        8.41903305053711,
        8.0624418258667,
        8.160257339477539,
        7.875662803649902,
        7.910373210906982,
        7.931798458099365,
        7.870420932769775,
        7.835373401641846,
        7.825856685638428,
        7.822096824645996,
        7.826228141784668,
        7.819935321807861,
        7.811273574829102,
        7.8006792068481445,
        7.794121742248535,
        7.793424606323242,
        7.787083148956299,
        7.786538124084473,
        7.78279447555542,
        7.78227424621582,
        7.783225059509277,
        7.784024715423584,
        7.772356033325195,
        7.775330543518066,
        7.784523963928223,
        7.77006196975708,
        7.769038677215576,
        7.763025760650635,
        7.759179592132568,
        7.7797627449035645,
        7.767681121826172,
        7.767279148101807,
        7.757685661315918,
        7.771806716918945,
        7.766129493713379,
        7.762603759765625,
        7.782288074493408,
        7.780163288116455,
        7.763197898864746,
        7.764291763305664,
        7.778469085693359,
        7.782654285430908,
        7.769783973693848
      ]
    }
  },
  "2": {
    "position": 2,
    "mlp": {
      "final_val_rmse": 2.8136200452502815,
      "final_val_mae": 2.0401533633470534,
      "best_val_loss": 7.8903422355651855,
      "epochs_trained": 30,