{
  "1": {
    "position": 1,
    "mlp": {
      "final_val_rmse": 2.8797279590038696,
      "final_val_mae": 2.1063386505758257,
      "best_val_loss": 8.238907814025879,
      "epochs_trained": 56,
      "train_losses": [
        16.70256366837117,
        16.478190199243276,
        15.82942180378516,
        15.629403790816886,
        14.98490428656109,
        14.603190485144232,
        14.125625329148509,
        14.049019845080661,
        13.470509311667971,
        13.240768706437821,
        12.961038979403492,
        12.473999479134095,
        12.127462034071105,
        12.142666824093844,
        11.806590551393793,
        11.611721892494455,
        11.508434605715898,
        11.301950061430317,
        10.91405011364308,
        10.730699695557629,
        10.505798108304242,
        10.6047544962583,
        10.223491421054568,
        10.025374762194833,
        9.653532853686919,
        9.612628346509618,
        9.599164700692679,
        9.524785098855048,
        9.673271575165332,
        9.524248938590686,
        9.230555658857224,
        8.864952081362183,
        8.864524673526342,
        8.884579223616706,
        8.69278564359167,
        8.9442196355413,
        8.754998826544357,
        8.72048267858453,
        8.744071189321991,
        8.723769714092386,
        8.393834177160834,
        8.52400241344433,
        8.231489195612264,
        8.513352798123664,
        8.4856491478122,
        8.262223099420643,
        8.28369472565406,
        8.235329038403892,
        8.4600456222357,
        8.189577642584418,
        7.954148988502283,
        8.099854320979807,
        8.027764333796116,
        8.172200190190443,
        8.072278791208824,
        8.080912875256683
      ],
      "val_losses": [
        18.609148025512695,
        17.974393844604492,
        17.35645866394043,
        16.73128890991211,
        16.229768753051758,
        15.741249084472656,
        15.249715805053711,
        14.80056095123291,
        14.422174453735352,
        14.019665718078613,
        13.662757873535156,
        13.281494140625,
        13.002734184265137,
        12.697661399841309,
        12.38481616973877,
        12.096991539001465,
        11.794717788696289,
        11.561643600463867,
        11.304187774658203,
        11.089670181274414,
        10.888699531555176,
        10.639384269714355,
        10.472491264343262,
        10.33990478515625,
        10.27714729309082,
        10.074207305908203,
        9.925033569335938,
        9.742987632751465,
        9.594539642333984,
        9.498274803161621,
        9.413966178894043,
        9.329866409301758,
        9.1876220703125,
        9.084578514099121,
        8.944391250610352,
        8.876958847045898,
        8.79653263092041,
        8.711877822875977,
        8.63515567779541,
        8.569839477539062,
        8.568948745727539,
        8.504448890686035,
        8.395486831665039,
        8.34052562713623,
        8.267252922058105,
        8.238907814025879,
        8.251627922058105,
        8.254523277282715,
        8.281421661376953,
        8.29685115814209,
        8.31120777130127,
        8.321755409240723,
        8.306663513183594,
        8.305428504943848,
        8.304247856140137,
        8.292832374572754
      ]
    },
    "lstm": {
      "final_val_rmse": 2.784894877387539,
      "final_val_mae": 2.158534649056448,
      "best_val_loss": 7.746882915496826,
      "epochs_trained": 48,
      "train_losses": [
        20.22469626741456,
        19.63628346109625,
        18.952622674704436,
        17.892766389437412,
        15.966601826119474,
        12.943849034077848,
        9.599745755125149,
        8.43527671336121,
        8.732597932607502,
        8.362507848987942,
        8.279974896500095,
        8.145784697844729,
        8.228301018078003,
        8.329008391002464,
        8.108506462424678,
        8.364416454980946,
        8.298611116107294,
        8.239569644874289,
        8.200223139521944,
        8.093352307743123,
        8.09898381632537,
        8.29537251195297,
        8.011353820583336,
        8.030638743084472,
        8.146184966901421,
        8.056921375041105,
        8.15629756157034,
        8.231541588975878,
        8.129192697255231,
        8.146621606452292,
        8.004832503327512,
        8.036039634291175,
        8.16195863204301,
        8.06303629650355,
        8.154119795598588,
        8.083291411483733,
        8.150451677605604,
        8.113999431188638,
        8.010653950142911,
        8.103446659783424,
        8.00771097361748,
        8.016163523980717,
        8.009719202000015,
        7.80986695420482,
        8.0856406690368,
        7.904093485999326,
        7.934405602677283,
        7.963013760394231
      ],
      "val_losses": [
        19.463457107543945,
        18.871171951293945,
        18.05724334716797,
        16.612699508666992,
        14.108200073242188,
        10.586469650268555,
        8.075984954833984,
        8.229113578796387,
        8.081483840942383,
        7.8850417137146,
        7.957823753356934,
        7.925739765167236,
        7.864149570465088,
        7.8430304527282715,
        7.835067272186279,
        7.83155632019043,
        7.82723331451416,
        7.810039520263672,
        7.799815654754639,
        7.789539337158203,
        7.783608436584473,
        7.782984256744385,
        7.771200180053711,
        7.766585350036621,
        7.765668869018555,
        7.762369155883789,
        7.757996559143066,
        7.76038932800293,
        7.751649379730225,
        7.756723403930664,
        7.765656471252441,
        7.750154495239258,
        7.7469401359558105,
        7.752050399780273,
        7.769221305847168,
        7.762693881988525,
        7.756570339202881,
        7.746882915496826,
        7.756923675537109,
        7.756847858428955,
        7.753972053527832,
        7.749022960662842,
        7.751049041748047,
        7.7510576248168945,
        7.755586624145508,
        7.757556438446045,
        7.758901596069336,
        7.75563907623291
      ]
    }
  },
  "2": {
    "position": 2,
    "mlp": {
      "final_val_rmse": 2.7879337347135182,
      "final_val_mae": 2.0532568282779606,
      "best_val_loss": 7.746577739715576,
      "epochs_trained": 31,
      "train_losses": [
        15.883400586007655,
        14.301402431794967,
        12.849368322306665,
        11.719845589824107,
        11.055190500719794,
        10.40140583432954,
        9.838151826529668,
        9.602316148253694,
        9.409625564224418,
        9.282006636433218,
        9.10213533269948,
        8.970170431027467,
        8.958580826068747,
        8.953076658577755,
        8.818487259437298,
        8.857466384186141,
        8.787529237242952,
        8.741160524302515,
        8.852306130288662,
        8.810368875525464,
        8.731903784302459,
        8.657243649712925,
        8.713647247182912,
        8.557928896498407,
        8.630440768976321,
        8.674772053203364,
        8.57687061572897,
        8.51416806188123,
        8.570362222605738,
        8.544163413431452,
        8.58675870785768
      ],